(cid:10)-(cid:4) (cid:27)-,"(cid:5)#""!(cid:28)(cid:29)",(cid:11)1(cid:13)(cid:3)(cid:23)
(cid:0)(cid:1)(cid:2)(cid:2)(cid:2)(cid:2)(cid:2)(cid:2)(cid:2),(cid:2)(cid:16)(cid:17)(cid:18)(cid:5)(cid:3)(cid:19)(cid:3)(cid:2)(cid:20)(cid:21)(cid:22)(cid:7)(cid:20)(cid:23)(cid:18)(cid:3)(cid:2)(cid:24)(cid:2)(cid:21)(cid:3)(cid:5)(cid:25)(cid:19)(cid:24)(cid:2)(cid:7)(cid:22)(cid:26)(cid:17)(cid:27)(cid:24)(cid:23)(cid:3)(cid:2)(cid:28)(cid:17)(cid:7)(cid:2)(cid:7)(cid:22)(cid:26)(cid:17)(cid:27)(cid:24)(cid:23)(cid:19)(cid:24)(cid:29)(cid:2)(cid:24)(cid:19)(cid:20)(cid:23)(cid:24)(cid:23)(cid:25)(cid:5)(cid:24)(cid:30)(cid:3),(cid:2)(cid:11)(cid:6)%(cid:14)(cid:15)(cid:13)
(cid:2)(cid:2)(cid:2)(cid:0)(cid:1)(cid:3)(cid:1)(cid:2)(cid:2),(cid:2)(cid:16)(cid:17)(cid:18)(cid:5)(cid:3)(cid:19)(cid:3)(cid:2)(cid:20)(cid:21)(cid:22)(cid:7)(cid:20)(cid:23)(cid:18)(cid:3)(cid:2)(cid:24)(cid:2)(cid:19)(cid:22)(cid:28)(cid:3)(cid:31)(cid:3)(cid:23)(cid:17)(cid:19)(cid:17)(cid:20)(cid:19)(cid:24)(cid:2)(cid:21)(cid:3)(cid:5)(cid:25)(cid:19)(cid:24)(cid:2)(cid:7)(cid:22)(cid:26)(cid:17)(cid:27)(cid:24)(cid:23)(cid:3),(cid:2)(cid:9)(cid:15)%(cid:12)(cid:11)(cid:0)
(cid:2)(cid:2)(cid:2)(cid:0)(cid:1)(cid:4)(cid:1)(cid:2)(cid:2),(cid:2) (cid:3)(cid:31)(cid:3)(cid:23)(cid:17)(cid:19)(cid:17)(cid:20)(cid:19)(cid:24)(cid:2)(cid:21)(cid:3)(cid:5)(cid:25)(cid:19)(cid:24)(cid:2)(cid:7)(cid:22)(cid:26)(cid:17)(cid:27)(cid:24)(cid:23)(cid:3),(cid:2)(cid:6)(cid:6)%(cid:0)(cid:9)(cid:11)
(cid:2)(cid:2)(cid:2)(cid:0)(cid:1)(cid:5)(cid:1)(cid:2)(cid:2),"(cid:2)!(cid:21)(cid:22)(cid:7)(cid:20)(cid:23)(cid:18)(cid:3)(cid:2)(cid:28)""(cid:24)(cid:30)(cid:22)(cid:19)(cid:3)(cid:23)(cid:3)(cid:2)(cid:24)(cid:27)(cid:2)(cid:28)(cid:3)(cid:20)(cid:23)(cid:17)(cid:7)(cid:24)(cid:2)(cid:26)(cid:17)(cid:20)""(cid:17)(cid:18)(cid:3)",
(cid:6)(cid:1)(cid:2)(cid:2)(cid:2)(cid:2)(cid:2)(cid:2)(cid:2),"(cid:2)#(cid:28)(cid:23)(cid:24)(cid:18)(cid:3)(cid:2)(cid:27)(cid:3)(cid:2)(cid:23)(cid:21)$(cid:17)(cid:18)(cid:24)(cid:19)(cid:25)(cid:2)(cid:24)(cid:2)(cid:3)(cid:28)(cid:23)(cid:24)(cid:18)(cid:3)(cid:2)(cid:21)(cid:3)(cid:20)(cid:26)(cid:17)""(cid:17)(cid:27)(cid:24)(cid:18)(cid:3)(cid:2)(cid:27)(cid:3)(cid:2)(cid:26)(cid:21)(cid:17)(cid:7)(cid:3)(cid:30)(cid:25)%(cid:2)(cid:24)(cid:27)(cid:25)(cid:27)(cid:22)(cid:18)(cid:2)(cid:3)(cid:28)(cid:5)(cid:24)(cid:30)(cid:3)",(cid:2)(cid:9)(cid:10)
(cid:2)(cid:2)(cid:2)(cid:6)(cid:1)(cid:3)(cid:1)(cid:2)(cid:2),(cid:2)#(cid:28)(cid:23)(cid:24)(cid:18)(cid:3)(cid:2)(cid:27)(cid:3)(cid:2)(cid:23)(cid:21)$(cid:17)(cid:18)(cid:24)(cid:19)(cid:25)%(cid:2)(cid:24)(cid:27)(cid:25)(cid:27)(cid:22)(cid:18)(cid:2)(cid:3)(cid:28)(cid:5)(cid:24)(cid:30)(cid:3),
(cid:2)(cid:2)(cid:2)(cid:6)(cid:1)(cid:4)(cid:1)(cid:2)(cid:2),"(cid:2)#(cid:28)(cid:23)(cid:24)(cid:18)(cid:3)(cid:2)(cid:21)(cid:3)(cid:20)(cid:26)(cid:17)""(cid:17)(cid:27)(cid:24)(cid:18)(cid:3)(cid:2)(cid:27)(cid:3)(cid:2)(cid:26)(cid:21)(cid:17)(cid:7)(cid:3)(cid:30)(cid:25)%(cid:2)(cid:24)(cid:27)(cid:25)(cid:27)(cid:22)(cid:18)(cid:2)(cid:3)(cid:28)(cid:5)(cid:24)(cid:30)(cid:3)",(cid:2)(cid:9)(cid:10)
(cid:2)(cid:2)(cid:2)(cid:6)(cid:1)(cid:5)(cid:1)(cid:2)(cid:2),(cid:2)&(cid:22)(cid:21)(cid:24)(cid:18)(cid:3)(cid:23)(cid:19)(cid:3)%(cid:2)’(cid:24)(cid:19)(cid:1)(cid:2)(cid:24)(cid:31)(cid:17)(cid:18)(cid:24)(cid:19)(cid:3)(cid:2)(cid:28)(cid:17)(cid:30)(cid:3)(cid:2)(cid:20)(cid:22)(cid:2)(cid:7)(cid:21)(cid:27)(cid:24)(cid:2)(cid:21)(cid:3)(cid:7)(cid:24)(cid:2)(cid:23)(cid:21)$(cid:17)(cid:18)(cid:3)(cid:19)(cid:30)(cid:3),
(cid:2)(cid:2)(cid:2)(cid:6)(cid:1)(cid:7)(cid:1)(cid:2)(cid:2),(cid:2)&(cid:22)(cid:21)(cid:24)(cid:18)(cid:3)(cid:23)(cid:19)(cid:3)%(cid:2)’(cid:24)(cid:19)(cid:1)(cid:2)(cid:24)(cid:31)(cid:17)(cid:18)(cid:24)(cid:19)(cid:3)(cid:2)(cid:28)(cid:17)(cid:30)(cid:3)(cid:2)(cid:20)(cid:22)(cid:2)(cid:28)(cid:17)(cid:21)(cid:24)(cid:20)(cid:23)(cid:24)(cid:2)(cid:28)(cid:3)(cid:17)(cid:2)(cid:24)(cid:19)(cid:20)(cid:23)(cid:21)(cid:25)(cid:31)(cid:22)(cid:19)(cid:23)(cid:2)(cid:27)(cid:3)(cid:20)(cid:23)(cid:24)(cid:23)(cid:22)(cid:2)(’(cid:22)(cid:21)(cid:2)(cid:18)(cid:21)(cid:24)(cid:30)(cid:22)(cid:7)(cid:19)(cid:17)(cid:20)(cid:23)(cid:2)(cid:7)(cid:22)(cid:21)(cid:24)(cid:18)(cid:3)(cid:23)(cid:3)),
(cid:8)(cid:1)(cid:2)(cid:2)(cid:2)(cid:2)(cid:2)(cid:2)(cid:2),"(cid:2)*(cid:3)(cid:21)(cid:23)(cid:24)(cid:30)(cid:22)(cid:2)(cid:17)(cid:7)(cid:2)(cid:18)(cid:21)(cid:24)(cid:30)(cid:22)(cid:7)(cid:19)(cid:17)(cid:20)(cid:23)(cid:24)(cid:2)(cid:28)(cid:25)(cid:26)""(cid:30)(cid:22)(cid:19)(cid:30)(cid:22)(cid:2)(cid:26)(cid:17)(cid:2)(cid:25)$(cid:17)(cid:18)(cid:17)(cid:21)(cid:25)(cid:2)(cid:17)(cid:2)(cid:26)(cid:17)(cid:19)(cid:17)(cid:18)(cid:19)(cid:17)(cid:30)(cid:2)(cid:26)(cid:21)(cid:17)(cid:7)(cid:3)(cid:30)(cid:24)",
(cid:9)(cid:1)(cid:2)(cid:2)(cid:2)(cid:2)(cid:2)(cid:2)(cid:2),"(cid:2) (cid:21)(cid:22)(cid:7)(cid:24)(cid:23)(cid:24)(cid:2)(cid:24)(cid:2)(cid:26)(cid:17)(cid:20)""(cid:17)(cid:18)(cid:24)(cid:2)""(cid:24)(cid:27)(cid:24)(cid:19)$(cid:3)",(cid:2)(cid:9)(cid:9)(cid:14)%(cid:8)(cid:6)(cid:10)
(cid:2)(cid:2)(cid:2)(cid:9)(cid:1)(cid:3)(cid:1)(cid:2)(cid:2),"(cid:2)+(cid:24)(cid:19)(cid:25)(cid:20),(cid:2)-(cid:22)(cid:27)(cid:22)(cid:21)(cid:18)(cid:22)(cid:2)(cid:27)(cid:3)(cid:2)(cid:28)(cid:21)(cid:22)(cid:7)(cid:24)(cid:23)(cid:19)(cid:22)(cid:2)$(cid:25)(cid:4)(cid:24)(cid:23)(cid:28)(cid:22)",(cid:2)(cid:9)(cid:6)%(cid:15)(cid:9)(cid:15)
(cid:2)(cid:2)(cid:2)(cid:9)(cid:1)(cid:4)(cid:1)(cid:2)(cid:2),"(cid:2) (cid:21)(cid:22)(cid:7)(cid:24)(cid:23)(cid:24)(cid:2)(cid:24)(cid:2)(cid:26)(cid:17)(cid:20)""(cid:17)(cid:18)(cid:24)(cid:2)""(cid:24)(cid:27)(cid:24)(cid:19)$(cid:3)%(cid:2)(cid:19)(cid:22)(cid:23)(cid:17)(cid:2)(cid:21)(cid:22)(cid:27)(cid:22)(cid:21)(cid:18)(cid:22)(cid:2)(cid:27)(cid:3)(cid:2)$(cid:25)(cid:4)(cid:24)(cid:23)(cid:28)(cid:22)",(cid:2)(cid:9)(cid:15)(cid:12)%(cid:6)(cid:13)(cid:9)
(cid:10)(cid:1)(cid:2)(cid:2)(cid:2)(cid:2)(cid:2)(cid:2)(cid:2),(cid:2)*(cid:3)(cid:21)(cid:23)(cid:24)(cid:30)(cid:22)(cid:2)(cid:17)(cid:7)(cid:2)(cid:18)(cid:21)(cid:24)(cid:30)(cid:22)(cid:7)(cid:19)(cid:17)(cid:20)(cid:23)(cid:24)(cid:2)(cid:28)(cid:17)(cid:30)(cid:22)(cid:2)(cid:20)(cid:22)(cid:2)(cid:7)(cid:21)(cid:27)(cid:22)(cid:2)(cid:7)(cid:17)(cid:2)(cid:7)(cid:17)(cid:20)(cid:26)(cid:24)(cid:30)(cid:22)(cid:5)(cid:3),
(cid:11)(cid:1)(cid:2)(cid:2)(cid:2)(cid:2)(cid:2)(cid:2)(cid:2),(cid:2).(cid:3)(cid:28)(cid:23)(cid:17)(cid:21)(cid:24)(cid:19)$(cid:2)(cid:24)(cid:2).(cid:17)(cid:21)’(cid:22)(cid:23)(cid:24)(cid:19)$,
(cid:12)(cid:1)(cid:2)(cid:2)(cid:2)(cid:2)(cid:2)(cid:2)(cid:2),"(cid:2)/(cid:17)(cid:23)(cid:21)(cid:3)(cid:27)(cid:24)(cid:18)(cid:3)(cid:19)(cid:30)(cid:3)(cid:2)(cid:24)(cid:27)(cid:2)(cid:28)(cid:3)(cid:20)(cid:23)(cid:17)(cid:7)(cid:24)(cid:2)(cid:26)(cid:17)(cid:20)""(cid:17)(cid:18)(cid:3)",
(cid:13)(cid:1)(cid:2)(cid:2)(cid:2)(cid:2)(cid:2)(cid:2)(cid:2),"(cid:2)/(cid:17)(cid:20)""(cid:17)(cid:18)(cid:19)(cid:24)(cid:2)(cid:26)(cid:21)(cid:17)(cid:20)(cid:23)(cid:17)(cid:21)(cid:2)(cid:24)(cid:2)(cid:17)(cid:20)(cid:23)(cid:3)""(cid:3)(cid:2)’(cid:24)(cid:28)(cid:20)(cid:19)(cid:3)(cid:2)(cid:3)(cid:28)(cid:23)(cid:24)(cid:18)(cid:3)",(cid:2)(cid:6)%(cid:6)(cid:6)(cid:13)
(cid:14)(cid:1)(cid:2)(cid:2)(cid:2)(cid:2)(cid:2)(cid:2)(cid:2),(cid:2)!(cid:23)(cid:22)(cid:5)(cid:22)(cid:19)(cid:3)(cid:2)(cid:3)(cid:28)(cid:23)(cid:24)(cid:18)(cid:3),(cid:2)(cid:6)(cid:6)%(cid:8)(cid:13)(cid:14)
(cid:0)(cid:15)(cid:1)(cid:2)(cid:2)(cid:2)(cid:2)(cid:2)(cid:2),"(cid:2)0""(cid:3)$(cid:3)(cid:19)(cid:30)(cid:3)(cid:2)(cid:25)(cid:2)(cid:28)(cid:3)(cid:26)(cid:24)(cid:23)(cid:3)""(cid:2)(cid:7)(cid:21)(cid:25)$(cid:24)(cid:29)(cid:2)(cid:26)(cid:21)(cid:3)(cid:18)(cid:19)(cid:24)(cid:29)(cid:2)""(cid:24)(cid:5)(cid:3)",
(cid:0)(cid:0)(cid:1)(cid:2)(cid:2)(cid:2)(cid:2)(cid:2)(cid:2),"(cid:2)1(cid:20)(cid:23)(cid:3)""(cid:3)(cid:2)(cid:3)(cid:28)(cid:23)(cid:24)(cid:18)(cid:3)",(cid:2)(cid:0)(cid:9)%(cid:6)(cid:12)(cid:15)
(cid:0)(cid:6)(cid:1)(cid:2)(cid:2)(cid:2)(cid:2)(cid:2)(cid:2),"(cid:4)(cid:21)(cid:11)(cid:13)(cid:22)(cid:23)(cid:24)(cid:4)(cid:10)(cid:25)(cid:26)(cid:25)(cid:27)(cid:28)(cid:25)(cid:4)(cid:26)(cid:29)(cid:4)(cid:30)(cid:31) !""#(cid:25)(cid:4)$(cid:29)(cid:4)%&""(cid:29)’(cid:31)(cid:4)(cid:29)#""!(cid:28)(cid:31)(cid:4)(%&!)(cid:4)*%(cid:26)!+!,(cid:25)(cid:4)(cid:17)-(cid:29).",(cid:2)(cid:0)%(cid:14)(cid:8)(cid:10)
(cid:0)(cid:8)(cid:1)(cid:2)(cid:2)(cid:2)(cid:2)(cid:2)(cid:2),(cid:4)(cid:22)(cid:14)(cid:22)(cid:2)(cid:13)(cid:5)(cid:4)(cid:5)(cid:14)/(cid:11)0(cid:5)(cid:24),(cid:2)(cid:10)(cid:15)(cid:12)%(cid:0)(cid:13)(cid:14)
(cid:10)-(cid:4) (cid:27)-,(cid:3) (cid:29)(cid:28)(cid:25)(cid:26)(cid:25),(cid:11)1(cid:13)(cid:3)(cid:23)
(cid:0)(cid:9)(cid:1)(cid:2)(cid:2)(cid:2)(cid:2)(cid:2)(cid:2),(cid:2)(cid:2)&(cid:22)(cid:26)(cid:17)(cid:27)(cid:24)(cid:23)(cid:24),(cid:2)(cid:12)(cid:10)%(cid:6)(cid:9)(cid:12)
(cid:2)(cid:2)(cid:2)(cid:0)(cid:9)(cid:1)(cid:3)(cid:1)(cid:2),(cid:2)(cid:2)(cid:16)(cid:22)(cid:28)(cid:3)(cid:31)(cid:3)(cid:23)(cid:17)(cid:19)(cid:17)(cid:20)(cid:19)(cid:24)(cid:2)(cid:7)(cid:22)(cid:26)(cid:17)(cid:27)(cid:24)(cid:23)(cid:24),(cid:2)(cid:13)%(cid:14)(cid:14)(cid:11)
(cid:2)(cid:2)(cid:2)(cid:0)(cid:9)(cid:1)(cid:4)(cid:1)(cid:2),(cid:2)(cid:2) (cid:3)(cid:31)(cid:3)(cid:23)(cid:17)(cid:19)(cid:17)(cid:20)(cid:19)(cid:24)(cid:2)(cid:7)(cid:22)(cid:26)(cid:17)(cid:27)(cid:24)(cid:23)(cid:24),(cid:2)(cid:11)(cid:11)%(cid:6)(cid:10)(cid:15)
(cid:0)(cid:10)(cid:1)(cid:2)(cid:2)(cid:2)(cid:2)(cid:2)(cid:2),(cid:2)(cid:2)*(cid:3)(cid:21)(cid:23)(cid:24)(cid:30)(cid:22)(cid:2)(cid:17)(cid:7)(cid:2)(cid:18)(cid:21)(cid:24)(cid:30)(cid:22)(cid:7)(cid:19)(cid:17)(cid:20)(cid:23)(cid:24)(cid:2)(cid:26)(cid:21)(cid:17)(cid:7)(cid:3)(cid:23)(cid:22)(cid:2)(cid:26)(cid:17)(cid:2)(cid:25)$(cid:17)(cid:18)(cid:17)(cid:21)(cid:25)(cid:2)(cid:17)(cid:2)(cid:21)(cid:22)(cid:28)(cid:25)(cid:26)(cid:17)(cid:18)(cid:24)(cid:19)(cid:24),
(cid:0)(cid:11)(cid:1)(cid:2)(cid:2)(cid:2)(cid:2)(cid:2)(cid:2),"(cid:2)(cid:2)1(cid:4)(cid:3)(cid:18)(cid:22)(cid:27)(cid:22)(cid:2)(cid:26)(cid:17)(cid:2)(cid:17)(cid:20)(cid:19)(cid:17)(cid:18)(cid:25)(cid:2)(cid:28)(cid:3)(cid:20)(cid:23)(cid:17)(cid:7)(cid:24)(cid:2)(cid:26)(cid:17)(cid:20)""(cid:17)(cid:18)(cid:3)",(cid:2)(cid:12)(cid:15)(cid:13)
(cid:0)(cid:12)(cid:1)(cid:2)(cid:2)(cid:2)(cid:2)(cid:2)(cid:2),(cid:2)(cid:2)1(cid:4)(cid:3)(cid:18)(cid:22)(cid:27)(cid:22)(cid:2)(cid:26)(cid:17)(cid:2)(cid:28)(cid:21)(cid:22)(cid:7)(cid:24)(cid:23)(cid:24)(cid:31)(cid:3)(cid:2)(cid:24)(cid:2)(cid:26)(cid:17)(cid:27)(cid:3)(cid:30)(cid:31)(cid:24)(cid:5)(cid:3)(cid:31)(cid:3),(cid:2)(cid:8)(cid:9)(cid:8)%(cid:11)(cid:12)(cid:6)
(cid:2)(cid:2)(cid:2)(cid:0)(cid:12)(cid:1)(cid:3)(cid:1)(cid:2),(cid:2)(cid:2) (cid:21)(cid:3)(cid:23)(cid:28)(cid:17)(cid:21)(cid:17)(cid:5)(cid:19)(cid:22)(cid:2)(cid:26)(cid:17)(cid:27)(cid:3)(cid:30)(cid:31)(cid:24)(cid:5)(cid:22)(cid:2)2(cid:2)(cid:31)(cid:3)(cid:19)(cid:30)(cid:22)(cid:2)(cid:17)(cid:7)(cid:2)(cid:30)(cid:22)(cid:7)(cid:19)(cid:22)(cid:2)$(cid:17)(cid:7)(cid:24)(cid:19)(cid:22),
(cid:2)(cid:2)(cid:2)(cid:0)(cid:12)(cid:1)(cid:4)(cid:1)(cid:2),(cid:2)(cid:2)&(cid:25)$(cid:17)(cid:21)(cid:17)(cid:5)(cid:19)(cid:22)(cid:2)(cid:26)(cid:17)(cid:27)(cid:3)(cid:30)(cid:31)(cid:24)(cid:5)(cid:22)(cid:2)2(cid:2)(cid:26)(cid:21)(cid:22)(cid:28)(cid:17)(cid:2)(cid:30)(cid:22)(cid:7)(cid:19)(cid:22)(cid:2)$(cid:17)(cid:7)(cid:24)(cid:19)(cid:22),(cid:2)(cid:8)(cid:9)(cid:8)%(cid:11)(cid:12)(cid:6)
(cid:0)(cid:13)(cid:1)(cid:2)(cid:2)(cid:2)(cid:2)(cid:2)(cid:2),"(cid:2)(cid:2)1(cid:4)(cid:3)(cid:18)(cid:22)(cid:27)(cid:22)(cid:2)(cid:26)(cid:21)(cid:22)(cid:31)(cid:3)(cid:2)3""(cid:3)(cid:7)(cid:24)",(cid:2)(cid:0)%(cid:14)(cid:6)(cid:13)
(cid:0)(cid:14)(cid:1)(cid:2)(cid:2)(cid:2)(cid:2)(cid:2)(cid:2),"(cid:2)(cid:2)1(cid:20)(cid:23)(cid:3)""(cid:22)(cid:2)(cid:26)(cid:17)(cid:27)(cid:3)(cid:30)(cid:31)(cid:24)(cid:5)(cid:22)(cid:2)2(cid:2)(cid:7)(cid:17)(cid:20)(cid:26)(cid:30)(cid:22)""(cid:22)(cid:2)(cid:17)(cid:4)(cid:3)(cid:18)(cid:22)(cid:27)(cid:22)",
(cid:2)(cid:2)(cid:2)(cid:0)(cid:14)(cid:1)(cid:3)(cid:1)(cid:2),"(cid:2)(cid:2)&(cid:17)(cid:20)(cid:26)(cid:30)(cid:22)""(cid:22)(cid:2)(cid:17)(cid:4)(cid:3)(cid:18)(cid:22)(cid:27)(cid:22)",
(cid:2)(cid:2)(cid:2)(cid:0)(cid:14)(cid:1)(cid:4)(cid:1)(cid:2),"(cid:2)(cid:2)!(cid:23)(cid:3)(cid:19)(cid:30)(cid:22)(cid:2)(cid:19)(cid:22)(cid:24)(cid:27)(cid:31)(cid:24)(cid:21)(cid:22)(cid:19)(cid:24)(cid:29)(cid:2)2(cid:2)(cid:26)(cid:17)(cid:27)(cid:18)(cid:3)(cid:19)(cid:24)(cid:29)(cid:2)(cid:27)(cid:3)(cid:2)(cid:26)""(cid:3)(cid:5)(cid:3)(cid:19)(cid:30)(cid:22)(cid:2)(cid:18)(cid:3)(cid:19)(cid:4)(cid:24)""(cid:3)(cid:19)(cid:20)(cid:19)(cid:24)(cid:29)(cid:2)(cid:17)(cid:4)(cid:3)(cid:18)(cid:22)(cid:27)(cid:3)",
(cid:6)(cid:15)(cid:1)(cid:2)(cid:2)(cid:2)(cid:2)(cid:2)(cid:2),(cid:2)(cid:2)&(cid:22)(cid:21)(cid:24)(cid:18)(cid:3)(cid:23)(cid:19)(cid:22)(cid:2)’(cid:24)(cid:19)(cid:3)(cid:19)(cid:20)(cid:24)(cid:30)(cid:20)(cid:28)(cid:22)(cid:2)(cid:17)(cid:4)(cid:3)(cid:18)(cid:22)(cid:27)(cid:22)(cid:2)(cid:28)(cid:17)(cid:30)(cid:22)(cid:2)(cid:20)(cid:22)(cid:2)(cid:7)(cid:21)(cid:27)(cid:22)(cid:2)(cid:7)(cid:17)(cid:2)(cid:7)(cid:17)(cid:20)(cid:26)(cid:24)(cid:30)(cid:22)(cid:5)(cid:3)(cid:2)(’(cid:22)(cid:21)(cid:2)(cid:18)(cid:21)(cid:24)(cid:30)(cid:22)(cid:7)(cid:19)(cid:17)(cid:20)(cid:23)),
(cid:6)(cid:0)(cid:1)(cid:2)(cid:2)(cid:2)(cid:2)(cid:2)(cid:2),(cid:2)(cid:2)&(cid:22)(cid:21)(cid:24)(cid:18)(cid:3)(cid:23)(cid:19)(cid:22)(cid:2)’(cid:24)(cid:19)(cid:3)(cid:19)(cid:20)(cid:24)(cid:30)(cid:20)(cid:28)(cid:22)(cid:2)(cid:17)(cid:4)(cid:3)(cid:18)(cid:22)(cid:27)(cid:22)(cid:2)(cid:28)(cid:17)(cid:30)(cid:22)(cid:2)(cid:20)(cid:22)(cid:2)(cid:28)(cid:17)(cid:21)(cid:24)(cid:20)(cid:23)(cid:22)(cid:2)(cid:28)(cid:3)(cid:17)(cid:2)(cid:24)(cid:19)(cid:20)(cid:23)(cid:21)(cid:25)(cid:31)(cid:22)(cid:19)(cid:23)(cid:2)(cid:27)(cid:3)(cid:20)(cid:23)(cid:24)(cid:23)(cid:22)(cid:2)(’(cid:22)(cid:21)(cid:2)(cid:18)(cid:21)(cid:24)(cid:30)(cid:22)(cid:7)(cid:19)(cid:17)(cid:20)(cid:23)),
(cid:6)(cid:6)(cid:1)(cid:2)(cid:2)(cid:2)(cid:2)(cid:2)(cid:2),"(cid:2)(cid:2)1(cid:20)(cid:23)(cid:3)""(cid:22)(cid:2)(cid:17)(cid:4)(cid:3)(cid:18)(cid:22)(cid:27)(cid:22)",(cid:2)(cid:11)%(cid:12)(cid:9)(cid:14)
(cid:6)(cid:8)(cid:1)(cid:2)(cid:2)(cid:2)(cid:2)(cid:2)(cid:2),"(cid:2)(cid:2)-(cid:22)(cid:27)(cid:22)(cid:21)(cid:18)(cid:22)(cid:2)(cid:27)(cid:3)(cid:2)(cid:28)(cid:21)(cid:22)(cid:7)(cid:24)(cid:23)(cid:19)(cid:22)(cid:2)$(cid:25)(cid:4)(cid:24)(cid:23)(cid:28)(cid:22)(cid:2)(cid:26)(cid:17)(cid:2)(cid:18)(cid:3)(cid:19)(cid:4)(cid:24)""(cid:3)(cid:19)(cid:20)(cid:19)(cid:24)(cid:31)(cid:2)(cid:28)(cid:21)(cid:22)(cid:7)(cid:24)(cid:23)(cid:19)(cid:24)(cid:31)(cid:2)(cid:24)(cid:27)""(cid:17)(cid:27)(cid:22)(cid:19)(cid:17)(cid:20)(cid:23)(cid:24)(cid:31)(cid:3)",(cid:2)(cid:0)%(cid:11)(cid:11)(cid:11)
(cid:6)(cid:9)(cid:1)(cid:2)(cid:2)(cid:2)(cid:2)(cid:2)(cid:2),(cid:2)(cid:2)!(cid:25)(cid:4)(cid:17)(cid:21)(cid:7)(cid:24)(cid:19)(cid:24)(cid:20)(cid:3)(cid:19)(cid:24)(cid:2)(cid:7)(cid:25)$(cid:2)(cid:24)(cid:2)(cid:29)(cid:24)(cid:4)(cid:21)(cid:24)(cid:7)(cid:19)(cid:24)(cid:2)(cid:24)(cid:19)(cid:20)(cid:23)(cid:21)(cid:25)(cid:31)(cid:22)(cid:19)(cid:23)(cid:24),(cid:2)(cid:0)(cid:13)%(cid:15)(cid:15)(cid:15)
(cid:6)(cid:10)(cid:1)(cid:2)(cid:2)(cid:2)(cid:2)(cid:2)(cid:2),(cid:4)(cid:4)(cid:22)(cid:14)(cid:22)(cid:2)(cid:13)(cid:7)(cid:4)(cid:3)(cid:12)(cid:5)0(cid:7)1(cid:7),(cid:2)(cid:9)(cid:9)(cid:12)%(cid:14)(cid:12)(cid:15)
(cid:6)(cid:11)(cid:1)(cid:2)(cid:2)(cid:2)(cid:2)(cid:2)(cid:2),(cid:4)(cid:4)(cid:21)(cid:5)(cid:13)2(cid:11)(cid:13)(cid:23)(cid:14)(cid:3)(cid:4)(cid:22)3(cid:7)(cid:23)3(cid:7)(cid:4)(cid:5)(cid:14)3(cid:11)(cid:3)(cid:13)(cid:5)(cid:10)(cid:5),
(cid:10)-(cid:4) (cid:27)-,"(cid:14)(cid:29)*!""(cid:29)’",(cid:11)1(cid:13)(cid:3)(cid:23)
(cid:6)(cid:12)(cid:1)(cid:2)(cid:2)(cid:2)(cid:2)(cid:2)(cid:2),"(cid:2)(cid:2)/(cid:17)(cid:18)""(cid:3)(cid:20)(cid:5)(cid:22)(cid:19)(cid:22)(cid:2)(cid:3)(cid:28)(cid:5)(cid:24)(cid:30)(cid:22)",
(cid:6)(cid:13)(cid:1)(cid:2)(cid:2)(cid:2)(cid:2)(cid:2)(cid:2),(cid:2)(cid:2)1(cid:4)(cid:24)(cid:5)(cid:19)(cid:22)(cid:2)(cid:3)(cid:28)(cid:5)(cid:24)(cid:30)(cid:22),(cid:2)(cid:14)(cid:12)%(cid:15)(cid:15)(cid:15)
(cid:6)(cid:14)(cid:1)(cid:2)(cid:2)(cid:2)(cid:2)(cid:2)(cid:2),(cid:2)(cid:2)4(cid:31)(cid:24)(cid:20)(cid:24)(cid:17)(cid:19)(cid:22)(cid:2)(cid:26)(cid:21)(cid:22)(cid:31)(cid:24)(cid:30)(cid:22),
(cid:8)(cid:15)(cid:1)(cid:2)(cid:2)(cid:2)(cid:2)(cid:2)(cid:2),(cid:2)(cid:2)(cid:16)(cid:22)(cid:21)(cid:3)(cid:20)(cid:26)(cid:17)(cid:21)(cid:22)(cid:7)(cid:30)(cid:22)(cid:19)(cid:3)(cid:2)(cid:7)(cid:17)(cid:4)(cid:24)(cid:23)5$(cid:25)(cid:4)(cid:24)(cid:23)(cid:3)(cid:28),2(cid:8)(cid:12)%(cid:12)(cid:13)(cid:6)
(cid:8)(cid:0)(cid:1)(cid:2)(cid:2)(cid:2)(cid:2)(cid:2)(cid:2),"(cid:2)(cid:2)1(cid:20)(cid:23)(cid:3)""(cid:24)(cid:2)(cid:28)(cid:3)(cid:26)(cid:24)(cid:23)(cid:3)""",
(cid:8)(cid:6)(cid:1)(cid:2)(cid:2)(cid:2)(cid:2)(cid:2)(cid:2),(cid:4)(cid:4)(cid:22)(cid:14)(cid:22)(cid:2)(cid:5)(cid:13)(cid:4)(cid:14)(cid:5)(cid:2)(cid:11)/(cid:5)(cid:6)(cid:24)(cid:4)((cid:16)4-(cid:4)5%(cid:4)6(cid:19)-.,(cid:2)(cid:10)(cid:14)%(cid:6)(cid:0)(cid:13)
(cid:8)(cid:8)(cid:1)(cid:2)(cid:2)(cid:2)(cid:2)(cid:2)(cid:2),(cid:4)(cid:4)(cid:22)(cid:14)(cid:22)(cid:2)(cid:13)(cid:5)(cid:4)(cid:2)(cid:5)(cid:23)(cid:11)0(cid:5)(cid:24)(cid:4)((cid:16)(cid:18)-(cid:4)7(cid:4)(cid:16)8-(cid:4)7(cid:4)6(cid:16)-(cid:4).,(cid:2)(cid:10)(cid:15)(cid:12)%(cid:0)(cid:13)(cid:14)
