,(cid:22)(cid:3)6(cid:11)(cid:0)(cid:11)(cid:12)(cid:7),(cid:11)6(cid:2)(cid:3)(cid:5)
(cid:0)(cid:0)’2(cid:0)(cid:1)3(cid:0)(cid:0)(cid:0),(cid:8)(cid:8)(cid:22)(cid:23)(cid:24)(cid:25)(cid:26)(cid:27)(cid:24)(cid:8)(cid:26)(cid:27)(cid:8)(cid:28)(cid:29)(cid:30)(cid:29)(cid:31)(cid:29),"(cid:0)(cid:27)(cid:27),(cid:23)(cid:1)."
(cid:0)(cid:0)(cid:0)(cid:0)(cid:0)(cid:0)(cid:0)(cid:0)(cid:0)(cid:0),(cid:0)(cid:0)(cid:1)(cid:2)(cid:0)(cid:3)(cid:4)(cid:5)(cid:6)(cid:7)(cid:8)(cid:9)(cid:8),(cid:0)(cid:1)(cid:25).
(cid:0)(cid:0)(cid:0)(cid:0)(cid:0)(cid:0)(cid:0)(cid:0)(cid:0)(cid:0),(cid:0)(cid:0)(cid:10)(cid:2)(cid:0)(cid:11)(cid:12)(cid:13)(cid:9)(cid:8)(cid:14)(cid:4)(cid:0)(cid:6)(cid:15)(cid:0)(cid:16)(cid:13)(cid:8)(cid:14)(cid:4)(cid:15)(cid:17)(cid:6)(cid:18)(cid:9)(cid:8)(cid:0)(cid:19)(cid:20)(cid:5)(cid:21)(cid:14)(cid:4)(cid:17)(cid:4)(cid:0)(cid:5)(cid:6)(cid:0)(cid:20)(cid:22)(cid:6)(cid:16)(cid:6)(cid:13)(cid:20)(cid:0)(cid:6)(cid:0)(cid:5)(cid:6)(cid:17)(cid:6)(cid:16)(cid:17)(cid:6)(cid:14)(cid:0)(cid:5)(cid:13)(cid:6)(cid:15)(cid:12)(cid:14)(cid:8),
(cid:0)(cid:0)(cid:0)(cid:0)(cid:0)(cid:0)(cid:0)(cid:0)(cid:0)(cid:0),(cid:0)(cid:0)(cid:23)(cid:2)(cid:0)(cid:24)(cid:13)(cid:4)(cid:15)(cid:8)(cid:9)(cid:8)(cid:0)(cid:8)(cid:0)(cid:5)(cid:6)(cid:18)(cid:21)(cid:6)(cid:16)(cid:8)(cid:0)(cid:21)(cid:8)(cid:7)(cid:8)(cid:17)(cid:22)(cid:12),"(cid:0)(cid:27)(cid:1),(cid:27)(cid:25)(cid:25)"
(cid:0)(cid:0)(cid:0)(cid:0)(cid:0)(cid:0)(cid:0)(cid:0)(cid:0)(cid:0),(cid:0)(cid:0)(cid:25)(cid:2)(cid:0)(cid:11)(cid:12)(cid:13)(cid:9)(cid:8)(cid:14)(cid:4)(cid:0)(cid:6)(cid:15)(cid:0)(cid:16)(cid:13)(cid:8)(cid:14)(cid:4)(cid:15)(cid:17)(cid:6)(cid:18)(cid:9)(cid:8)(cid:0)(cid:19)(cid:6)(cid:14)(cid:4)(cid:0)(cid:18)(cid:4)(cid:0)(cid:15)(cid:13)(cid:7)(cid:4)(cid:0)(cid:15)(cid:6)(cid:0)(cid:15)(cid:6)(cid:18)(cid:5)(cid:8)(cid:14)(cid:4)(cid:26)(cid:12),(cid:0)%(cid:23)(cid:23)
(cid:0)(cid:0)(cid:0)(cid:0)(cid:0)(cid:0)(cid:0)(cid:0)(cid:0)(cid:0),(cid:0)(cid:0)(cid:27)(cid:2)(cid:0)(cid:28)(cid:18)(cid:9)(cid:12)(cid:21)(cid:8)(cid:0)(cid:5)(cid:13)(cid:8)(cid:29)(cid:6)(cid:15)(cid:8)(cid:0)(cid:6)(cid:15)(cid:0)(cid:19)(cid:12)(cid:30)(cid:12)(cid:9)(cid:12),"(cid:0)(cid:10),//(cid:10)"
(cid:0)(cid:0)24(cid:0)(cid:1)3(cid:0)(cid:0)(cid:0),(cid:8)(cid:8)(cid:1)(cid:29) (cid:25)(cid:26)(cid:27)(cid:24)(cid:8)(cid:28)(cid:29)(cid:30)(cid:29)(cid:31)(cid:29),"(cid:0)(cid:10).,%.."
(cid:0)(cid:0)(cid:0)(cid:0)(cid:0)(cid:0)(cid:0)(cid:0)(cid:0)(cid:0),(cid:0)(cid:0)(cid:1)(cid:2)(cid:0)(cid:3)(cid:4)(cid:5)(cid:6)(cid:7)(cid:8)(cid:9)(cid:8),"(cid:0)(cid:10)(cid:25),/.."
(cid:0)(cid:0)(cid:0)(cid:0)(cid:0)(cid:0)(cid:0)(cid:0)(cid:0)(cid:0),(cid:0)(cid:0)(cid:10)(cid:2)(cid:0)(cid:11)(cid:6)(cid:31)(cid:0)(cid:5)(cid:13)(cid:6)(cid:15)(cid:12)(cid:9)(cid:4)(cid:0)(cid:20)(cid:7)(cid:0)(cid:6) (cid:12)(cid:16)(cid:4)(cid:7)(cid:20)(cid:0)(cid:5)(cid:6)(cid:17)(cid:6)(cid:16)(cid:17)(cid:6)(cid:22)(cid:0)(cid:6)(cid:9)(cid:19)(cid:20)(cid:5)(cid:12),
(cid:0)(cid:0)(cid:0)(cid:0)(cid:0)(cid:0)(cid:0)(cid:0)(cid:0)(cid:0),"(cid:0)(cid:0)(cid:23)(cid:2)(cid:0)!(cid:7)(cid:4)(cid:9)(cid:4)(cid:0)(cid:5)(cid:6)(cid:7)(cid:12)(cid:14)(cid:30)(cid:8)(cid:26)(cid:4)(cid:0)""(cid:0)(cid:15)(cid:6)(cid:18)(cid:5)(cid:14)(cid:4)(cid:21)(cid:4)(cid:0)(cid:6) (cid:12)(cid:16)(cid:4)(cid:7)(cid:4)",
(cid:0)(cid:0)(cid:0)(cid:0)(cid:0)(cid:0)(cid:0)(cid:0)(cid:0)(cid:0),(cid:0)(cid:0)(cid:25)(cid:2)(cid:0)(cid:28) (cid:12)(cid:16)(cid:4)(cid:7)(cid:4)(cid:0)(cid:5)(cid:6)(cid:0)(cid:20)(cid:7)(cid:4)(cid:9)(cid:8)(cid:30)(cid:0)(cid:19)(cid:13)(cid:4)(cid:15)(cid:8)(cid:9)(cid:8)(cid:30)(cid:12)(cid:0)(cid:8)(cid:0)(cid:6)(cid:18)(cid:9)(cid:12)(cid:21)(cid:8)(cid:30)(cid:0)(cid:5)(cid:6)(cid:7)(cid:12)(cid:14)(cid:30)(cid:8)(cid:26)(cid:12)(cid:30)(cid:12),"(cid:0)(cid:10),(cid:23)0(cid:10)"
(cid:0)(cid:0)(cid:0)(cid:0)(cid:0)(cid:0)(cid:0)(cid:0)(cid:0)(cid:0),(cid:0)(cid:0)(cid:27)(cid:2)(cid:0)#(cid:20) (cid:6)(cid:13)(cid:15)(cid:8)(cid:17)(cid:8)(cid:18)(cid:12)(cid:17)(cid:8)(cid:0)(cid:15)(cid:20)(cid:22)(cid:6)(cid:16)(cid:8)(cid:0)$(cid:0)(cid:29)(cid:8) (cid:13)(cid:8)(cid:15)(cid:17)(cid:8)(cid:0)(cid:8)(cid:17)(cid:18)(cid:9)(cid:13)(cid:20)(cid:30)(cid:4)(cid:17)(cid:9)(cid:8),"(cid:0)(cid:1),(cid:23)(cid:10)."
(cid:0)(cid:0)(cid:0)(cid:0)(cid:0)(cid:0)(cid:0)(cid:0)(cid:0)(cid:0),(cid:0)(cid:0)%(cid:2)(cid:0)(cid:28)(cid:18)(cid:9)(cid:12)(cid:21)(cid:8)(cid:0)(cid:13)(cid:12)(cid:18)(cid:29)(cid:6)(cid:15)(cid:8)(cid:0)(cid:5)(cid:6)(cid:0)(cid:19)(cid:12)(cid:30)(cid:12)(cid:9)(cid:12)(cid:30)(cid:12),(cid:0)1
(cid:0)(cid:0)(cid:0)(cid:0)(cid:0)$3(cid:0)(cid:0)(cid:0),"(cid:8)(cid:8)(cid:2)(cid:10)!(cid:3)(cid:8)(cid:22)(cid:1)(cid:11)""(cid:3)(cid:15)(cid:11)#(cid:1)(cid:7)(cid:5)""(cid:3)(cid:15)(cid:11)(cid:8)(cid:3)(cid:15)(cid:8)(cid:6)(cid:7)(cid:9)(cid:7)!(cid:7)(cid:8)$(cid:22)(cid:1)%(cid:20)%(cid:8)&(cid:8)(cid:1)(cid:7)%(cid:20)%’","(cid:0)(cid:10)%,%(cid:23)1"
(cid:0)(cid:0)(cid:0)(cid:0)$$3(cid:0)(cid:0)(cid:0),"(cid:8)(cid:8)!(cid:23)(cid:26) (cid:28)(cid:26)((cid:24)(cid:8))(cid:29)(cid:8)*+,(cid:24)(cid:31)(cid:28)-(cid:8).(cid:26)(cid:8) (cid:31)(cid:29)((cid:28)(cid:29)(cid:30)(cid:29)(cid:8)(cid:29)(cid:28)(cid:31)(cid:24)(-","(cid:0)%1,0(cid:10)0"
(cid:0)(cid:0)(cid:0)$$$3(cid:0)(cid:0)(cid:0),"(cid:8)(cid:8)(cid:2)(cid:10)!(cid:3)(cid:8)(cid:22)(cid:1)(cid:11)""(cid:3)(cid:15)(cid:11)(cid:8)#(cid:8)(cid:1)(cid:7)(cid:5)""(cid:3)(cid:15)(cid:11)(cid:8)$(cid:11)&(cid:11)(cid:11)’","""(cid:23)(cid:25),1/0"
(cid:0)(cid:0)’2(cid:0)(cid:10)3(cid:0)(cid:0)(cid:0),(cid:8)(cid:8)(cid:22)(cid:23)(cid:24)(cid:25)(cid:26)(cid:27)(cid:24)(cid:8)(cid:26)(cid:27)(cid:8)/(cid:29)(cid:28)/(cid:29)(cid:27)(cid:29)(cid:8),"(cid:0)(cid:1)%,(cid:1)(cid:27)(cid:1)"
(cid:0)(cid:0)(cid:0)(cid:0)(cid:0)(cid:0)(cid:0)(cid:0)(cid:0)(cid:0),(cid:0)(cid:0)(cid:1)(cid:2)(cid:0)&(cid:12)(cid:19)(cid:17)(cid:12)(cid:15)(cid:4)(cid:0)(cid:5)(cid:6)(cid:0)(cid:19)(cid:13)(cid:4)(cid:15)(cid:8)(cid:9)(cid:8)(cid:30)(cid:12),"(cid:0)(cid:1),.(cid:23)0"
(cid:0)(cid:0)(cid:0)(cid:0)(cid:0)(cid:0)(cid:0)(cid:0)(cid:0)(cid:0),(cid:0)(cid:0)(cid:10)(cid:2)(cid:0)&(cid:12)(cid:19)(cid:17)(cid:12)(cid:15)(cid:4)(cid:0)(cid:0)(cid:5)(cid:6)(cid:0)(cid:16)(cid:12)(cid:17) (cid:8)(cid:21)(cid:12)(cid:17)(cid:18)(cid:17)(cid:8)(cid:30)(cid:0)(cid:5)(cid:6)(cid:18)(cid:21)(cid:6)(cid:16)(cid:8)(cid:30)(cid:12),(cid:0)(cid:27)(cid:10)%
(cid:0)(cid:0)(cid:0)(cid:0)(cid:0)(cid:0)(cid:0)(cid:0)(cid:0)(cid:0),(cid:0)(cid:0)(cid:23)(cid:2)(cid:0)&(cid:12)(cid:19)(cid:17)(cid:12)(cid:15)(cid:4)(cid:0)(cid:7)(cid:12)(cid:0)(cid:8)(cid:7)(cid:16)(cid:13)(cid:18)(cid:4)(cid:17)(cid:4)(cid:0)(cid:20)(cid:18)(cid:21)(cid:20)(cid:22)(cid:4),"(cid:0)(cid:1)(cid:10),(cid:27)/(cid:27)"
(cid:0)(cid:0)(cid:0)(cid:0)(cid:0)(cid:0)(cid:0)(cid:0)(cid:0)(cid:0),(cid:0)(cid:0)(cid:25)(cid:2)(cid:0)(cid:28)(cid:18)(cid:9)(cid:12)(cid:21)(cid:4)(cid:0)(cid:17)(cid:12)(cid:19)(cid:17)(cid:12)(cid:15)(cid:4)(cid:0),"(cid:0)(cid:1),(cid:1)/(cid:25)"
(cid:0)(cid:0)24(cid:0)(cid:10)3(cid:0)(cid:0)(cid:0),(cid:8)(cid:8)(cid:1)(cid:29) (cid:25)(cid:26)(cid:27)(cid:24)(cid:8)(cid:26)(cid:27)(cid:8)/(cid:29)(cid:28)/(cid:29)(cid:27)(cid:29),"(cid:0)(cid:27),(cid:1)(cid:27)(cid:1)"
(cid:0)(cid:0)(cid:0)(cid:0)(cid:0)(cid:0)(cid:0)(cid:0)(cid:0)(cid:0),(cid:0)(cid:0)(cid:1)(cid:2)(cid:0)&(cid:12)(cid:19)(cid:17)(cid:12)(cid:15)(cid:4)(cid:0)(cid:5)(cid:6)(cid:0)(cid:19)(cid:13)(cid:4)(cid:15)(cid:8)(cid:9)(cid:8)(cid:30)(cid:12),(cid:0)(cid:10)
(cid:0)(cid:0)(cid:0)(cid:0)(cid:0)(cid:0)(cid:0)(cid:0)(cid:0)(cid:0),(cid:0)(cid:0)(cid:10)(cid:2)(cid:0)&(cid:12)(cid:19)(cid:17)(cid:12)(cid:15)(cid:4)(cid:0)(cid:5)(cid:6)(cid:0)(cid:16)(cid:12)(cid:17) (cid:8)(cid:21)(cid:12)(cid:17)(cid:18)(cid:17)(cid:8)(cid:30)(cid:0)(cid:5)(cid:6)(cid:18)(cid:21)(cid:6)(cid:16)(cid:8)(cid:30)(cid:12),(cid:0)(cid:1)0(cid:25)
(cid:0)(cid:0)(cid:0)(cid:0)(cid:0)(cid:0)(cid:0)(cid:0)(cid:0)(cid:0),(cid:0)(cid:0)(cid:23)(cid:2)(cid:0)&(cid:12)(cid:19)(cid:17)(cid:12)(cid:15)(cid:4)(cid:0)(cid:7)(cid:12)(cid:0)(cid:8)(cid:7)(cid:16)(cid:13)(cid:18)(cid:4)(cid:17)(cid:4)(cid:0)(cid:20)(cid:18)(cid:21)(cid:20)(cid:22)(cid:4),"(cid:0)(cid:1),0(cid:1)."
(cid:0)(cid:0)(cid:0)(cid:0)(cid:0)(cid:0)(cid:0)(cid:0)(cid:0)(cid:0),(cid:0)(cid:0)(cid:25)(cid:2)(cid:0)(cid:28)(cid:18)(cid:9)(cid:12)(cid:21)(cid:4)(cid:0)(cid:17)(cid:12)(cid:19)(cid:17)(cid:12)(cid:15)(cid:4)(cid:0),"(cid:0)(cid:23),(cid:10)(cid:27)0"
(cid:0)(cid:0)(cid:0)(cid:0)$(cid:31)3(cid:0)(cid:0)(cid:0),"(cid:8)(cid:8)(cid:2)(cid:10)!(cid:3)(cid:8)(cid:22)(cid:1)(cid:11)""(cid:3)(cid:15)(cid:11)(cid:8)#(cid:8)(cid:1)(cid:7)(cid:5)""(cid:3)(cid:15)(cid:11)(cid:8)(cid:3)(cid:15)(cid:8)(cid:2)(cid:7)(cid:6)(cid:2)(cid:7)(cid:15)(cid:7)(cid:8)$(cid:22)(cid:1)(cid:8)(cid:17)%(cid:8)&(cid:8)(cid:1)(cid:7)(cid:8)(cid:17)%’","(cid:0)(cid:1)(cid:1),11(cid:1)"
(cid:0)(cid:0)(cid:0)(cid:0)(cid:31)3(cid:0)(cid:0)(cid:0)(cid:0),"(cid:8)(cid:8)(cid:2)(cid:10)!(cid:3)(cid:8)(cid:22)(cid:1)(cid:11)""(cid:3)(cid:15)(cid:11)(cid:8)#(cid:8)(cid:1)(cid:7)(cid:5)""(cid:3)(cid:15)(cid:11)(cid:8)(cid:3)(cid:15)(cid:8)(cid:6)(cid:7)(cid:9)(cid:7)!(cid:7)(cid:8)(cid:11)(cid:8)(cid:2)(cid:7)(cid:6)(cid:2)(cid:7)(cid:15)(cid:7)(cid:8)$(cid:8)(cid:11)(cid:11)(cid:11)0(cid:11)1’","""(cid:10)(cid:23),1/0"
(cid:0)(cid:0)’2(cid:0)(cid:23)3(cid:0)(cid:0)(cid:0),(cid:8)(cid:8)(cid:3) (cid:31)(cid:29)2(cid:24)(cid:8).(cid:23)(cid:24)(cid:25)(cid:26)(cid:27)(cid:24),(cid:0)(cid:23)%(cid:10)
(cid:0)(cid:0)(cid:0)(cid:0)(cid:0)(cid:0)(cid:0)(cid:0)(cid:0)(cid:0),(cid:0)(cid:0)(cid:1)(cid:2)(cid:0)’(cid:13)(cid:8)(cid:29)(cid:6)(cid:15)(cid:8)(cid:0)(cid:8)(cid:7)(cid:0)(cid:5)(cid:6)(cid:18)(cid:21)(cid:6)(cid:16)(cid:12)(cid:17)(cid:14)(cid:12)(cid:0)(cid:18)(cid:12)(cid:0)(cid:15)(cid:4)(cid:16)(cid:8)(cid:7)(cid:12)(cid:30)(cid:12)(cid:0)((cid:17)(cid:4)(cid:9)(cid:6)(cid:2)(cid:0),(cid:0)(cid:25)0(cid:10)
(cid:0)(cid:0)(cid:0)(cid:0)(cid:0)(cid:0)(cid:0)(cid:0)(cid:0)(cid:0),(cid:0)(cid:0)(cid:10)(cid:2)(cid:0)’(cid:6)(cid:17)(cid:6)(cid:16)(cid:17)(cid:12)(cid:0)(cid:5)(cid:13)(cid:6)(cid:26)(cid:14)(cid:4)(cid:17)(cid:12)(cid:0)(cid:5)(cid:13)(cid:8)(cid:29)(cid:6)(cid:15)(cid:12))(cid:22)(cid:20) (cid:8)(cid:9)(cid:12)(cid:19)(cid:12)(cid:0)(cid:8)(cid:7)(cid:0)(cid:5)(cid:6)(cid:18)(cid:21)(cid:6)(cid:16)(cid:12)(cid:17)(cid:14)(cid:12)(cid:0)(cid:18)(cid:12)(cid:0)(cid:15)(cid:4)(cid:16)(cid:8)(cid:7)(cid:12)(cid:30)(cid:12)(cid:0)((cid:13)(cid:4)(cid:16)(cid:12)(cid:21)(cid:6)(cid:13)(cid:8)(cid:7)(cid:12)(cid:26)(cid:8)(cid:14)(cid:12)(cid:2),"""0"
(cid:0)(cid:0)(cid:0)(cid:0)(cid:0)(cid:0)(cid:0)(cid:0)(cid:0)(cid:0),(cid:0)(cid:0)(cid:23)(cid:2)(cid:0)’(cid:13)(cid:8)(cid:29)(cid:6)(cid:15)(cid:8)(cid:0)(cid:5)(cid:6)(cid:0)(cid:6)(cid:18)(cid:17)(cid:6)(cid:16)(cid:20)(cid:0)(cid:9)(cid:13)(cid:22)(cid:6)(cid:16)(cid:8)(cid:17)(cid:4)(cid:0)(cid:29)(cid:12)(cid:13)(cid:9)(cid:8)(cid:14)(cid:12)(cid:0)(cid:6)(cid:15)(cid:0)(cid:16)(cid:13)(cid:8)(cid:14)(cid:4)(cid:15)(cid:17)(cid:6)(cid:18)(cid:9)(cid:8)(cid:0)((cid:17)(cid:4)(cid:9)(cid:6)(cid:2)(cid:0)(cid:8)(cid:0)(cid:15)(cid:6) (cid:8)(cid:26)(cid:8))(cid:22)(cid:20) (cid:8)(cid:26)(cid:8)(cid:0)(cid:29)(cid:12)(cid:13)(cid:9)(cid:8)(cid:14)(cid:12)(cid:0)(cid:6)(cid:15) (cid:0)(cid:16)(cid:13)(cid:8)(cid:14)(cid:4)(cid:15)(cid:17)(cid:6)(cid:18)(cid:9)(cid:8)(cid:0)(cid:13)(cid:12)(cid:18)(cid:5)(cid:6)(cid:21)(cid:6)(cid:7)(cid:8)(cid:16)(cid:8)(cid:29)(cid:0)(cid:7)(cid:12)(cid:0)(cid:5)(cid:13)(cid:6)(cid:15)(cid:12)(cid:14)(cid:20)(cid:0)(cid:8)(cid:0)(cid:6)(cid:17)(cid:8)(cid:29)(cid:0)(cid:19)(cid:6)(cid:14)(cid:4)(cid:0)(cid:18)(cid:4)(cid:0)(cid:15)(cid:13)(cid:7)(cid:4)(cid:0)(cid:15)(cid:6)(cid:0)(cid:15)(cid:6)(cid:18)(cid:5)(cid:8)(cid:14)(cid:4)(cid:26)(cid:12)(cid:0)((cid:20)(cid:19)(cid:21)(cid:14)(cid:20)(cid:26)(cid:20)(cid:14)(cid:20)(cid:26)(cid:8)(cid:0)(cid:20)(cid:21)(cid:12)(cid:22)(cid:12)(cid:17)(cid:14)(cid:12)(cid:0)(cid:20) (cid:0)(cid:19)(cid:12)(cid:5)(cid:8)(cid:9)(cid:12)(cid:21)(cid:2),"""(cid:1)0(cid:1)"
(cid:0)(cid:0)(cid:0)(cid:0)(cid:0)(cid:0)(cid:0)(cid:0)(cid:0)(cid:0),"(cid:0)(cid:0)(cid:25)(cid:2)(cid:0)’(cid:13)(cid:8)(cid:29)(cid:6)(cid:15)(cid:8)(cid:0)(cid:5)(cid:6)(cid:0)(cid:6)(cid:18)(cid:17)(cid:6)(cid:16)(cid:20)(cid:0)(cid:9)(cid:13)(cid:22)(cid:6)(cid:16)(cid:12)(cid:17)(cid:14)(cid:12)(cid:0)((cid:17)(cid:4)(cid:9)(cid:6)(cid:2)(cid:0)(cid:0)(cid:15)(cid:4)(cid:13)(cid:8)(cid:16)(cid:12)(cid:9)(cid:8)(cid:30)(cid:12)(cid:0)*(cid:20)(cid:9)(cid:20)(cid:13)(cid:4)(cid:18)""*(cid:6)(cid:13)+(cid:12)(cid:13)(cid:15),(cid:0)(cid:6)(cid:5)(cid:26)(cid:8)(cid:14)(cid:4),(cid:18)+(cid:12)(cid:5),(cid:15)(cid:13)(cid:20)(cid:22)(cid:8)(cid:30) (cid:0)(cid:15)(cid:4)(cid:13)(cid:8)(cid:16)(cid:12)(cid:9)(cid:8)(cid:30)(cid:12),(cid:0)(cid:9)(cid:13)(cid:22)(cid:6)(cid:16)(cid:12)(cid:17)(cid:14)(cid:12)(cid:0)(cid:15)(cid:4)(cid:16)(cid:8)(cid:7)(cid:12)(cid:30)(cid:12)(cid:0)(cid:18)(cid:5)(cid:6)(cid:9)""(cid:9)(cid:13)(cid:12)(cid:17)(cid:18)(cid:12)(cid:19)(cid:26)(cid:8)(cid:14)(cid:4),(cid:0)(cid:0)(cid:8)(cid:0)(cid:5)(cid:6)(cid:0)(cid:6)(cid:18)(cid:17)(cid:6)(cid:16)(cid:20)(cid:0)(cid:19)(cid:12)(cid:30)(cid:12)(cid:9)(cid:17)(cid:8)(cid:29)(cid:0)#+(cid:6)(cid:5)(cid:6)(cid:16)(cid:12)",
(cid:0)(cid:0)(cid:0)(cid:0)(cid:0)(cid:0)(cid:0)(cid:0)(cid:0)(cid:0),(cid:0)(cid:0)(cid:27)(cid:2)(cid:0)&(cid:4)(cid:9)(cid:6)(cid:0)(cid:22)(cid:20) (cid:8)(cid:26)(cid:8))(cid:15)(cid:6) (cid:8)(cid:26)(cid:8)(cid:0)(cid:6)(cid:15)(cid:0)(cid:19)(cid:12)(cid:18)(cid:9)(cid:6)(cid:15)(cid:8)(cid:0)(cid:5)(cid:6)(cid:18)(cid:21)(cid:6)(cid:16)(cid:12),(cid:0)(cid:27)1
(cid:0)(cid:0)(cid:0)(cid:0)(cid:0)(cid:0)(cid:0)(cid:0)(cid:0)(cid:0),(cid:0)(cid:0)%(cid:2)(cid:0)(cid:28)(cid:18)(cid:9)(cid:12)(cid:21)(cid:8)(cid:0)(cid:5)(cid:13)(cid:8)(cid:29)(cid:6)(cid:15)(cid:8),(cid:0)(cid:1).
(cid:0)(cid:0)24(cid:0)(cid:23)3(cid:0)(cid:0)(cid:0),(cid:8)(cid:8)(cid:3). (cid:31)(cid:24)(cid:8)(cid:24)(cid:8)(cid:26) (cid:31)(cid:29)2(cid:24)(cid:8)(cid:31)(cid:23)(cid:26) (cid:28)(cid:26)((cid:24),"(cid:0)(cid:10)(cid:1),0(cid:23)(cid:25)"
(cid:0)(cid:0)(cid:0)(cid:0)(cid:0)(cid:0)(cid:0)(cid:0)(cid:0)(cid:0),(cid:0)(cid:0)(cid:1)(cid:2)(cid:0)-(cid:13)(cid:6)(cid:18)(cid:19)(cid:6)(cid:16)(cid:8)(cid:0)(cid:5)(cid:21)(cid:12)(cid:9)(cid:12),"(cid:0)(cid:1)(cid:10),(cid:25)(cid:25)(cid:10)"
(cid:0)(cid:0)(cid:0)(cid:0)(cid:0)(cid:0)(cid:0)(cid:0)(cid:0)(cid:0),(cid:0)(cid:0)(cid:10)(cid:2)(cid:0)-(cid:13)(cid:6)(cid:18)(cid:19)(cid:6)(cid:16)(cid:8)(cid:0)(cid:5)(cid:6)(cid:18)(cid:21)(cid:6)(cid:16)(cid:17)(cid:6)(cid:22)(cid:0)(cid:5)(cid:13)(cid:6)(cid:18)(cid:9)(cid:6)(cid:13)(cid:12)(cid:0)(cid:8)(cid:0)*(cid:8)(cid:19)(cid:18)(cid:17)(cid:4)(cid:0)(cid:12)(cid:19)(cid:9)(cid:8)(cid:16)(cid:4),"(cid:0)%,(cid:23)%(cid:25)"
(cid:0)(cid:0)(cid:0)(cid:0)(cid:0)(cid:0)(cid:0)(cid:0)(cid:0)(cid:0),(cid:0)(cid:0)(cid:23)(cid:2)(cid:0)(cid:28)(cid:18)(cid:9)(cid:12)(cid:21)(cid:8)(cid:0)(cid:9)(cid:13)(cid:6)(cid:18)(cid:19)(cid:6)(cid:16)(cid:8),"(cid:0)(cid:10),/(cid:10)."
(cid:0)(cid:0)(cid:0)(cid:0)(cid:31)$3(cid:0)(cid:0)(cid:0),"(cid:8)(cid:8)(cid:2)(cid:10)!(cid:3)(cid:8)(cid:22)(cid:1)(cid:11)""(cid:3)(cid:15)(cid:11)(cid:8)#(cid:8)(cid:1)(cid:7)(cid:5)""(cid:3)(cid:15)(cid:11)(cid:8)(cid:22)(cid:1)(cid:11)(cid:12)(cid:10)(cid:8)1(cid:7)(cid:2)(cid:1)(cid:10)(cid:15)(cid:2)(cid:11)""(cid:8)(cid:5)!(cid:7)1(cid:6)(cid:11)(cid:8)$1%0(cid:8)(cid:22)(cid:1)(cid:18)&(cid:1)(cid:7)(cid:18)’","""(cid:25)(cid:25),(cid:25)%."
(cid:0)(cid:0)’2(cid:0)(cid:25)3(cid:0)(cid:0)(cid:0),(cid:0)(cid:0)(cid:31)(cid:12)(cid:17)(cid:13)(cid:4)(cid:15)(cid:17)(cid:8)(cid:0)(cid:5)(cid:13)(cid:8)(cid:29)(cid:6)(cid:15)(cid:8),(cid:0)/1
(cid:0)(cid:0)24(cid:0)(cid:25)3(cid:0)(cid:0)(cid:0),(cid:0)(cid:0)(cid:31)(cid:12)(cid:17)(cid:13)(cid:4)(cid:15)(cid:17)(cid:8)(cid:0)(cid:13)(cid:12)(cid:18)(cid:29)(cid:6)(cid:15)(cid:8),"(cid:0)(cid:1),(cid:27)/(cid:25)"
(cid:0)(cid:0)(cid:0)(cid:0)(cid:31)$$3(cid:0)(cid:0),"(cid:8)(cid:8)(cid:2)(cid:10)!(cid:3)(cid:8)(cid:3)(cid:5)!(cid:7)(cid:13)(cid:11)(cid:8)1(cid:7)(cid:2)(cid:1)(cid:10)(cid:15)(cid:2)(cid:11)(cid:8)(cid:22)(cid:1)(cid:11)""(cid:3)(cid:15)(cid:11)(cid:8)(cid:11)(cid:8)(cid:1)(cid:7)(cid:5)""(cid:3)(cid:15)(cid:11)(cid:8)$(cid:22)(cid:1)(cid:8)3%(cid:8)&(cid:8)(cid:1)(cid:7)(cid:8)3%’","""(cid:1),(cid:27)1(cid:27)"
(cid:0)(cid:0)(cid:0)(cid:31)$$$3(cid:0)(cid:0),"(cid:8)(cid:8)(cid:2)(cid:10)!(cid:3)(cid:8)(cid:22)(cid:1)(cid:11)""(cid:3)(cid:15)(cid:11)(cid:8)#(cid:8)(cid:1)(cid:7)(cid:5)""(cid:3)(cid:15)(cid:11)(cid:8)(cid:22)(cid:3)(cid:5)(cid:13)(cid:10)(cid:8)1(cid:7)(cid:2)(cid:1)(cid:10)(cid:15)(cid:2)(cid:11)""(cid:8)(cid:5)!(cid:7)1(cid:6)(cid:11)(cid:8)$1(cid:11)01(cid:11)(cid:11)’","""(cid:25)(cid:27),/0(cid:23)"
(cid:0)(cid:0)24(cid:0)(cid:27)3(cid:0)(cid:0)(cid:0),(cid:0)(cid:0)’(cid:6)(cid:13)(cid:4)(cid:7)(cid:8)(cid:0)(cid:8)(cid:0)(cid:15)(cid:6)(cid:5)(cid:13)(cid:8)(cid:17)(cid:6)(cid:18)(cid:8)(cid:0)(cid:8)(cid:7)(cid:0)(cid:15)(cid:6) (cid:8)(cid:9)(cid:19)(cid:12),
(cid:0)(cid:0)(cid:0)(cid:0)$53(cid:0)(cid:0)(cid:0),(cid:8)(cid:8)(cid:2)(cid:10)!(cid:3)(cid:8)(cid:15)(cid:3)(cid:14)(cid:11)!(cid:7)(cid:6)(cid:8)#(cid:8)(cid:4)4(cid:14)(cid:11)!(cid:7)(cid:6)(cid:8)$1(cid:11)(cid:11)(cid:11)&(cid:8)(cid:1)(cid:7)(cid:8)5%’,"""(cid:25)(cid:27),/0(cid:23)"
